timesteps_total,episode_reward_mean
8000,0.2571974933394813
12000,-0.25424200532841496
16000,-0.2848482384284794
20000,-0.198865266839704
24000,-0.3103125951834954
28000,-0.21777034606744436
32000,-0.18043828674159676
36000,-0.22671947463041803
40000,-0.2003567450222299
44000,-0.13849914961251764
48000,-0.1251819236882371
52000,-0.15731178628193446
56000,-0.18212229560308738
60000,-0.20952281299669265
64000,-0.2658994377471021
68000,-0.25861452164444176
72000,-0.29348575100055313
76000,-0.2863275619517591
80000,-0.3154928098881376
84000,-0.31198733422271385
88000,-0.289472784330353
92000,-0.30685717252569944
96000,-0.2945196002423763
100000,-0.29199419999122617
104000,-0.24599419999122618
108000,-0.2689941999912262
112000,-0.26145939993858336
116000,-0.23845939993858337
120000,-0.28209040027856824
124000,-0.2653095993101597
128000,-0.2653095993101597
132000,-0.3078227994069457
136000,-0.2905819995626807
140000,-0.3125009995996952
144000,-0.24288459944725038
148000,-0.20287839877605435
152000,-0.24018439829349514
156000,-0.21718439829349517
160000,-0.21116299781203268
164000,-0.1400653971340507
168000,-0.13480299716256558
172000,-0.15780299716256557
176000,-0.16467539696954187
180000,-0.2131731974389404
184000,-0.2131731974389404
188000,-0.2131731974389404
192000,-0.2131731974389404
196000,-0.21573539762757715
200000,-0.21573539762757715
204000,-0.20774979816935957
208000,-0.21326519831083715
212000,-0.20951619859598572
216000,-0.23251619859598574
220000,-0.22695479836128649
224000,-0.23534519798867395
228000,-0.2664687977265566
232000,-0.3049615981411189
236000,-0.2595089984964579
240000,-0.2595089984964579
244000,-0.26368579859845337
248000,-0.2406857985984534
252000,-0.319819600276649
256000,-0.3168526000902056
260000,-0.3052560005113482
264000,-0.3282560005113482
268000,-0.24307780083268882
272000,-0.2890778008326888
276000,-0.31207780083268877
280000,-0.2778952007219195
284000,-0.2935076004192233
288000,-0.2935076004192233
292000,-0.25324380087107423
296000,-0.2762438008710742
300000,-0.25626140122860674
304000,-0.2576092012524605
308000,-0.22729980158805843
312000,-0.2272998015880585
316000,-0.17484140124917033
320000,-0.17484140124917025
324000,-0.19130020156502725
328000,-0.19130020156502725
332000,-0.19015020129084587
336000,-0.2612202006876469
340000,-0.21522020068764686
344000,-0.2004496008455753
348000,-0.1739674001634121
352000,-0.1509674001634121
356000,-0.13412220016121862
360000,-0.19630039983987807
364000,-0.1940877999141812
368000,-0.1592704000249505
372000,-0.1366936003342271
376000,-0.13669360033422706
380000,-0.1769573998823762
384000,-0.1769573998823762
388000,-0.17404099986702204
392000,-0.19402339950948952
396000,-0.19402339950948952
400000,-0.1940233995094895
404000,-0.17102339950948953
408000,-0.17102339950948953
412000,-0.1774817998483777
416000,-0.1774817998483777
420000,-0.14298179984837767
424000,-0.16230640000849964
428000,-0.1651951995566487
432000,-0.1834709994420409
436000,-0.19992519950866697
440000,-0.21500399976968765
444000,-0.23800399976968767
448000,-0.27784919977188105
452000,-0.22502280005812644
456000,-0.20423539998382328
460000,-0.24224979984015224
464000,-0.24224979984015227
468000,-0.23267260017246008
472000,-0.2556726001724601
476000,-0.2585890001878142
480000,-0.2265914000496268
484000,-0.20837999954074618
488000,-0.1911391996964812
492000,-0.21413919969648124
496000,-0.194464999102056
500000,-0.19446499910205603
504000,-0.19446499910205603
508000,-0.25679039921611546
512000,-0.2070689992830157
516000,-0.172918599717319
520000,-0.11150400011241433
524000,-0.1227740001603961
528000,-0.09651720020920038
532000,-0.11951720020920038
536000,-0.06848480070382357
540000,-0.08332440034300088
544000,-0.09088680017739534
548000,-0.048681800670921795
552000,-0.07665900027006864
556000,-0.07487420021742582
560000,-0.031077599816024287
564000,0.003146400310099138
568000,0.00578220037370921
572000,-0.0018952000364661204
576000,0.0022954002991318846
580000,0.0022954002991318755
584000,-0.030732600145041925
588000,-0.00773260014504193
592000,-0.00773260014504193
596000,0.044693599648773674
600000,0.0514187997058034
604000,0.01076399987936021
608000,0.01076399987936021
612000,-0.01223600012063979
616000,-0.03849280007183551
620000,-0.05941819991171359
624000,-0.08151199965178967
628000,-0.08151199965178967
632000,-0.10451199965178964
636000,-0.12371699915826319
640000,-0.14706659924983978
644000,-0.16957439931482077
648000,-0.21337099971622225
652000,-0.2245949998423457
656000,-0.2475076004192233
660000,-0.238013200096786
664000,-0.22946640004962682
668000,-0.2346321997568011
672000,-0.2212783999070525
676000,-0.23140299924463034
680000,-0.2157399993762374
684000,-0.22216619917005295
688000,-0.23261279916018246
692000,-0.21815499912947411
696000,-0.20504039853066205
700000,-0.22804039853066205
704000,-0.20504039853066205
708000,-0.13330799888819456
712000,-0.13330799888819456
716000,-0.13330799888819456
720000,-0.13330799888819456
724000,-0.1375583988651633
728000,-0.16055839886516335
732000,-0.1062553986608982
736000,-0.09236799834668634
740000,-0.12285219822823999
744000,-0.05911459819972514
748000,-0.12158719874918461
752000,-0.1254097990244627
756000,-0.1198989989608526
760000,-0.1787743996232748
764000,-0.271344799682498
768000,-0.271344799682498
772000,-0.29156179969757795
776000,-0.3080941998884082
780000,-0.29820880048722026
784000,-0.2402810007855296
788000,-0.2479906003698707
792000,-0.2824170004948974
796000,-0.2824170004948973
800000,-0.2824170004948974
804000,-0.2594170004948974
808000,-0.2708848006352782
812000,-0.2938848006352782
816000,-0.28199380154046233
820000,-0.2589938015404623
824000,-0.27376440138253383
828000,-0.31450200141104867
832000,-0.2915020014110487
836000,-0.24766400099429298
840000,-0.2531748010579031
844000,-0.20787860131892377
848000,-0.13887860131892374
852000,-0.10797120112809352
856000,-0.12519360083225184
860000,-0.10219360083225183
864000,-0.12087880045059136
868000,-0.09787419968727043
872000,-0.13291239988687445
876000,-0.15591239988687447
880000,-0.20191239988687446
884000,-0.17891239988687446
888000,-0.17891239988687446
892000,-0.17891239988687446
896000,-0.1674445997464936
900000,-0.08193980002286842
904000,-0.07603340011718683
908000,-0.11829819962382317
912000,-0.1642981996238232
916000,-0.16786779972910879
920000,-0.14486779972910882
924000,-0.22571740016341205
928000,-0.20197679962217802
932000,-0.2012729993611574
936000,-0.20582699967920778
940000,-0.19039400027692316
944000,-0.18296960003674034
948000,-0.1667591998130083
952000,-0.14324399983137848
956000,-0.16335520028322933
960000,-0.19573460002988574
964000,-0.1957346000298858
968000,-0.11246080037206412
972000,-0.14701600062102077
976000,-0.1162373998686671
980000,-0.08378439956158397
984000,-0.08378439956158398
988000,-0.08866039881855248
992000,-0.08866039881855248
996000,-0.038023598812520494
1000000,-0.038023598812520494
1004000,-0.03337759873643516
1008000,-0.056377598736435164
1012000,-0.03337759873643517
1016000,-0.014485398698598146
1020000,-0.04375979935005305
1024000,-0.03920579903200268
1028000,-0.10919939871504901
1032000,-0.10919939871504901
1036000,-0.10983419917896388
1040000,-0.09371579982712863
1044000,-0.09423099980875849
1048000,-0.06455639992281795
1052000,-0.04155639992281796
1056000,-0.04155639992281796
1060000,-0.06727499933168293
1064000,-0.16211780015751717
1068000,-0.1640405998043716
1072000,-0.17958859978243705
1076000,-0.18379760008677837
1080000,-0.18755120022222396
1084000,-0.21055120022222396
1088000,-0.23818800022825598
1092000,-0.24789400079101323
1096000,-0.25567260017246
1100000,-0.24619200008362527
1104000,-0.2461920000836253
1108000,-0.2590029999986291
1112000,-0.31962180001288654
1116000,-0.2823066003397107
1120000,-0.3355470008924603
1124000,-0.40022760043293226
1128000,-0.40022760043293226
1132000,-0.4299022003188729
1136000,-0.43433200059086075
1140000,-0.43433200059086086
1144000,-0.3946616001203656
1148000,-0.3256616001203656
1152000,-0.3873200009390711
1156000,-0.4304634005650876
1160000,-0.39216380067914713
1164000,-0.4095518006160854
1168000,-0.34749780046939854
1172000,-0.3244978004693985
1176000,-0.3627192010879516
1180000,-0.35909440073370935
1184000,-0.33967320099473
1188000,-0.37040120097622276
1192000,-0.27840120097622273
1196000,-0.2785116001032293
1200000,-0.2348299995921552
1204000,-0.28660299885692075
1208000,-0.20165019888104865
1212000,-0.24765019888104867
1216000,-0.2662203986090608
1220000,-0.2088353984993882
1224000,-0.24453599894465883
1228000,-0.2534415988964029
1232000,-0.24928779849829152
1236000,-0.23785679829539727
1240000,-0.19471339866938067
1244000,-0.24584699851693587
1248000,-0.2685157980513759
1252000,-0.28188339813472707
1256000,-0.30488339813472703
1260000,-0.2760275984001346
1264000,-0.2901863981676288
1268000,-0.3355055985529906
1272000,-0.3355055985529907
1276000,-0.3985025983829983
1280000,-0.4349437983413227
1284000,-0.3575763990283013
1288000,-0.4195291990041732
1292000,-0.3054721976164728
1296000,-0.39747219761647273
1300000,-0.4135261979345233
1304000,-0.38002899777330457
1308000,-0.38002899777330457
1312000,-0.41609299820102746
1316000,-0.380410798067227
1320000,-0.380410798067227
1324000,-0.3543057976011185
1328000,-0.356233198011294
1332000,-0.33323319801129403
1336000,-0.34206059801019717
1340000,-0.37519439818896344
1344000,-0.36103559842146926
1348000,-0.2920355984214693
1352000,-0.30118039830960336
1356000,-0.24316979857720433
1360000,-0.24324339982308443
1364000,-0.20734959953464563
1368000,-0.19416599982418117
1372000,-0.11666059979237615
1376000,-0.1393892008960247
1380000,-0.12097540175914764
1384000,-0.07497540175914766
1388000,-0.11630640155076978
1392000,-0.1490538017004728
1396000,-0.1490538017004728
1400000,-0.1373928024023771
1404000,-0.18313060276210305
1408000,-0.2061306027621031
1412000,-0.1757706029266119
1416000,-0.17608340205252168
1420000,-0.21444280226528645
1424000,-0.14897100235521793
1428000,-0.1365326029211283
1432000,-0.1365326029211283
1436000,-0.11353260292112827
1440000,-0.10627380205690862
1444000,-0.11213880194723604
1448000,-0.1293704025140032
1452000,-0.21820560240652412
1456000,-0.26609160211589183
1460000,-0.2636766016772017
1464000,-0.3096766016772017
1468000,-0.29159400197770446
1472000,-0.2685940019777045
1476000,-0.2463438019892201
1480000,-0.14999220098461957
1484000,-0.14416400034632534
1488000,-0.12168839962687343
1492000,-0.08230779994931071
1496000,-0.16081140042748301
1500000,-0.12375380031671375
1504000,-0.15832739984896038
1508000,-0.15832739984896035
1512000,-0.14314279916789382
1516000,-0.17912859895732253
1520000,-0.1955735988682136
1524000,-0.2217521985238418
1528000,-0.17842479783948512
1532000,-0.1837055972442031
1536000,-0.11922279693931338
1540000,-0.11653179696947337
1544000,-0.09740959749370813
1548000,-0.05140959749370813
1552000,-0.07282719675451517
1556000,-0.07282719675451517
1560000,-0.10614039791375397
1564000,-0.10582299870997666
1568000,-0.10582299870997666
1572000,-0.10829779947549105
1576000,-0.06695759952813385
1580000,-0.03781199968606234
1584000,-0.045498600251972665
1588000,-0.01963280075043439
1592000,0.006743599168956305
1596000,-0.004103200398385504
1600000,0.017498399235308187
1604000,0.01690039922297001
1608000,0.01690039922297001
1612000,0.013367598369717596
1616000,0.03556259776651858
1620000,0.05973099766671658
1624000,0.049974397361278546
1628000,0.07297439736127853
1632000,0.05669499802589415
1636000,0.05669499802589417
1640000,0.0614605975560844
1644000,0.06970839734002947
1648000,0.02155099783465266
1652000,0.00635259829089045
1656000,0.028892598215490572
1660000,0.01184959829226136
1664000,-0.022871201332658533
1668000,-0.0197616007886827
1672000,-0.0427616007886827
1676000,-0.06454260037466883
1680000,-0.08754260037466882
1684000,-0.0583188009224832
1688000,-0.057707000847905865
1692000,-0.07240860089287163
1696000,-0.08401900070533155
1700000,-0.10717079984769223
1704000,-0.12064880042895675
1708000,-0.1562344002984464
1712000,-0.16814840045198795
1716000,-0.17567400034889577
1720000,-0.19867400034889576
1724000,-0.19636940015107393
1728000,-0.20461719993501898
1732000,-0.204617199935019
1736000,-0.15861719993501905
1740000,-0.16051239997148514
1744000,-0.13981240051984786
1748000,-0.11681240051984786
1752000,-0.13271460032463073
1756000,-0.12878620065748692
1760000,-0.11904800032079216
1764000,-0.1291450005620718
1768000,-0.10614500056207177
1772000,-0.0853622010797262
1776000,-0.140405800989829
1780000,-0.14870420094486328
1784000,-0.10143000131007283
1788000,-0.1225486016785726
1792000,-0.1235146015798673
1796000,-0.1344028014196083
1800000,-0.13469720091950146
1804000,-0.11352800037991255
1808000,-0.056230401064269235
1812000,-0.03323040106426924
1816000,-0.07923040106426923
1820000,-0.07923040106426922
1824000,-0.10223040106426923
1828000,-0.13247080024611205
1832000,-0.13225920024141666
1836000,-0.15525920024141665
1840000,-0.1501623999886215
1844000,-0.14017580093070867
1848000,-0.13007880068942904
1852000,-0.11765880019590258
1856000,-0.16144159967824817
1860000,-0.13862559968698768
1864000,-0.09262559968698766
1868000,-0.11485739970672876
1872000,-0.09185739970672874
1876000,-0.0988953995751217
1880000,-0.08512299949396399
1884000,-0.06232079950068144
1888000,-0.028704000742174676
1892000,-0.00929660192225128
1896000,-0.009678402216173707
1900000,-0.014089802176691592
1904000,-0.037089802176691576
1908000,0.02599919852521271
1912000,0.04802859854605049
1916000,0.07102859854605048
1920000,0.08675139820575711
1924000,0.06375139820575713
1928000,0.0749339979737997
1932000,0.05520919857919217
1936000,0.05431219778954983
1940000,0.07461659808456897
1944000,0.10511919827759267
1948000,0.10511919827759267
1952000,0.12649999828636646
1956000,0.12373999954760073
1960000,0.09907480014860631
1964000,0.09907480014860631
1968000,0.050278000786900534
1972000,-0.013298598572611797
1976000,-0.023091997787356367
1980000,-0.000915397331118577
1984000,-0.0009153973311185748
1988000,-0.04674979864060878
1992000,-0.04156099922955036
1996000,0.014871800526976588
2000000,0.005989200964570059
2004000,0.04319860124588011
2008000,0.05759660163521766
2012000,0.011596601635217673
2016000,0.06105580261349679
2020000,0.018653002222068612
2024000,0.013924202372320007
2028000,-0.039578397820703666
2032000,-0.06257839782070367
2036000,-0.09739119763206688
2040000,-0.1259572000009939
2044000,-0.12595720000099392
2048000,-0.1379126001698896
2052000,-0.09953479964565486
2056000,-0.07653479964565485
2060000,-0.09311320061516014
2064000,-0.1296464007599279
2068000,-0.09773160082381217
2072000,-0.06319480020087213
2076000,-0.10151739979069681
2080000,-0.14196519971173255
2084000,-0.17370059995260093
2088000,-0.1737005999526009
2092000,-0.2393748003328219
2096000,-0.24311000049952416
2100000,-0.2328336006486788
2104000,-0.2757884009163827
2108000,-0.290931601582095
2112000,-0.290931601582095
2116000,-0.22618660163693124
2120000,-0.22618660163693127
2124000,-0.21153560107760128
2128000,-0.20364200112037362
2132000,-0.19168660095147785
2136000,-0.19168660095147785
2140000,-0.18237620151601733
2144000,-0.1688890007790178
2148000,-0.12288900077901779
2152000,-0.12904380077682434
2156000,-0.15480380071513355
2160000,-0.16598180109076197
2164000,-0.1448310008626431
2168000,-0.14518060086853798
2172000,-0.15913240055926145
2176000,-0.14254020004160706
2180000,-0.06841119980067015
2184000,-0.06841119980067015
2188000,-0.060637199811637406
2192000,-0.0513543996438384
2196000,-0.018018199123442154
2200000,0.012337201319634923
2204000,-0.0032015985026955505
2208000,-0.0294077986255288
2212000,-0.006338798142969596
2216000,-0.0142323981001973
2220000,-0.014232398100197309
2224000,-0.06023239810019731
2228000,-0.06692079839110372
2232000,-0.1649191984832287
2236000,-0.21620459815859794
2240000,-0.19320459815859792
2244000,-0.18945559810101983
2248000,-0.19310799755156036
2252000,-0.1856605979502201
2256000,-0.15080179774574934
2260000,-0.13725019728951154
2264000,-0.15384239780716594
2268000,-0.12452199911884962
2272000,-0.1475219991188496
2276000,-0.15680479928664862
2280000,-0.14909059996716678
2284000,-0.20244600041024388
2288000,-0.1864610005747527
2292000,-0.1864610005747527
2296000,-0.1805730009805411
2300000,-0.1805730009805411
2304000,-0.15757300098054108
2308000,-0.15757300098054108
2312000,-0.17285880063287912
2316000,-0.17285880063287912
2320000,-0.09857340095750987
2324000,-0.09857340095750988
2328000,-0.12157340095750989
2332000,-0.19364620156399906
2336000,-0.1940694008450955
2340000,-0.19943760085105897
2344000,-0.22603020100295546
2348000,-0.222446801006794
2352000,-0.2826285997927189
2356000,-0.35162859979271877
2360000,-0.3407863992750644
2364000,-0.34078639927506443
2368000,-0.31026999953389167
2372000,-0.3492549993693828
2376000,-0.3345948000252246
2380000,-0.37071860077977176
2384000,-0.3513618007600307
2388000,-0.3306986005604267
2392000,-0.2045987997949123
2396000,-0.20731279981136322
2400000,-0.2303127998113632
2404000,-0.25331279981136323
2408000,-0.20731279981136325
2412000,-0.17810279887914657
2416000,-0.10910279887914656
2420000,-0.1142777994275093
2424000,-0.10305839937925337
2428000,-0.16550799988210202
2432000,-0.13911319896578786
2436000,-0.14736099874973296
2440000,-0.02941239887475967
2444000,-0.03397099858522415
2448000,0.009333401024341586
2452000,0.0018170012831687998
2456000,-0.0017847973108291604
2460000,-0.0017847973108291448
2464000,-0.04450039654970167
2468000,-0.044500396549701685
2472000,-0.06227019678056238
2476000,-0.14236999754607677
2480000,-0.16536999754607679
2484000,-0.12169299779832363
2488000,-0.09524299766123294
2492000,-0.13909019823372362
2496000,-0.13133919811993836
2500000,-0.10250639808923002
2504000,-0.10079059851914644
2508000,-0.059721798367798326
2512000,-0.025603598661720753
2516000,-0.04369999928027392
2520000,-0.02936639998108149
2524000,-0.06663560024648904
2528000,-0.04363560024648905
2532000,-0.05971719966083766
2536000,-0.08271719966083765
2540000,-0.06956579980999232
2544000,-0.049882401116192375
2548000,-0.0044160012379288885
2552000,0.02724119862169026
2556000,0.04497419822961089
2560000,0.05951939768344162
2564000,0.0838441981747746
2568000,0.08427199839055538
2572000,0.06439999856054783
2576000,0.07704999849200247
2580000,0.05162579841166735
2584000,0.022792998380959037
2588000,0.05311619896441697
2592000,-0.008211001388728621
2596000,-0.0014306010827422166
2600000,-0.0014306010827422177
2604000,-0.034122800640761855
2608000,-0.01989960115402937
2612000,-0.04289960115402936
2616000,-0.08673300166428088
2620000,-0.06373300166428089
2624000,-0.09593760153651239
2628000,-0.09593760153651236
2632000,-0.1585022002160549
2636000,-0.1758993999660015
2640000,-0.2126810002028942
2644000,-0.11687680023908616
2648000,-0.10971000093221665
2652000,-0.11439280120283364
2656000,-0.09854580096155406
2660000,-0.14767380044609307
2664000,-0.14767380044609305
2668000,-0.18784100041538476
2672000,-0.21084100041538478
2676000,-0.21306280066817998
2680000,-0.20666420065611596
2684000,-0.23892400043457748
2688000,-0.21892779987305402
2692000,-0.20559700041264295
2696000,-0.20742780038714406
2700000,-0.17956100025773047
2704000,-0.18339280068874358
2708000,-0.18733960066735744
2712000,-0.20098320131003855
2716000,-0.20098320131003855
2720000,-0.17463900125026702
2724000,-0.18151600080309432
2728000,-0.19670060079870744
2732000,-0.23709320047078652
2736000,-0.28526440020976584
2740000,-0.2888386010783724
2744000,-0.2501986009138636
2748000,-0.20163180133281278
2752000,-0.20163180133281272
2756000,-0.12605840178905053
2760000,-0.07871520175738261
2764000,-0.08327380181057381
2768000,-0.08967240182263778
2772000,-0.08322320163948461
2776000,-0.05142340188822708
2780000,-0.09261180132231676
2784000,-0.09555580180487597
2788000,-0.11590160142979584
2792000,-0.0536636014243122
2796000,-0.07666360142431222
2800000,-0.07666360142431221
2804000,-0.07176920117042025
2808000,-0.101213800922269
2812000,-0.11793480087839997
2816000,-0.11477000008546746
2820000,-0.13777000008546747
2824000,-0.13460059921466744
2828000,-0.1906561994405929
2832000,-0.16765619944059287
2836000,-0.16295959876501
2840000,-0.1825141987057868
2844000,-0.1953067985663656
2848000,-0.15619759868481198
2852000,-0.1626467988679651
2856000,-0.20958979859948162
2860000,-0.2364261991083622
2864000,-0.25648219862580296
2868000,-0.279482198625803
2872000,-0.29940939870476724
2876000,-0.2764093987047672
2880000,-0.2534093987047672
2884000,-0.20725759819149972
2888000,-0.20725759819149966
2892000,-0.19204079833626747
2896000,-0.1877949984371662
2900000,-0.17419739925861358
2904000,-0.12988099828362465
2908000,-0.21432319852709766
2912000,-0.18357679900526996
2916000,-0.22172919948399067
2920000,-0.22172919948399067
2924000,-0.24087440003454685
2928000,-0.3029835999161005
2932000,-0.30298359991610047
2936000,-0.2634374001771212
2940000,-0.2483493997603655
2944000,-0.17934939976036546
2948000,-0.15634939976036544
2952000,-0.11911700011789797
2956000,-0.1293060005456209
2960000,-0.13282500047981738
2964000,-0.1754394007474184
2968000,-0.17172720165550706
2972000,-0.16249960173666472
2976000,-0.19425800125300885
2980000,-0.15755000089108942
2984000,-0.22486640186607837
2988000,-0.17886640186607838
2992000,-0.19425340083241457
2996000,-0.23709780088067053
3000000,-0.23709780088067053
3004000,-0.21409780088067054
3008000,-0.16197520074248314
3012000,-0.20152140048146247
3016000,-0.2245214004814625
3020000,-0.22361060014367104
3024000,-0.20061060014367102
3028000,-0.1979655999243259
3032000,-0.22096559992432593
3036000,-0.1573935992717743
3040000,-0.09027499958872794
3044000,-0.10576319923996925
3048000,-0.0937847993671894
3052000,-0.09199079915881157
3056000,-0.13052039951086042
3060000,-0.09822839987277984
3064000,-0.07522839987277984
3068000,-0.07522839987277984
3072000,-0.07522839987277984
3076000,-0.07522839987277985
3080000,-0.09154459983110427
3084000,-0.06854459983110427
3088000,-0.06392159971594809
3092000,-0.06793279975652693
3096000,-0.08754720002412796
3100000,0.009328799232840544
3104000,-0.07552740116417407
3108000,-0.09762580132484436
3112000,-0.11450320118665694
3116000,-0.14272420182824133
3120000,-0.136873001486063
3124000,-0.1895936014652252
3128000,-0.20220680180191994
3132000,-0.21024760219454763
3136000,-0.2053394020497799
3140000,-0.15068680226802825
3144000,-0.1676792020201683
3148000,-0.16767920202016828
3152000,-0.14059440210461616
3156000,-0.10715240219235418
3160000,-0.1301524021923542
3164000,-0.18568360245227816
3168000,-0.15526840236783024
3172000,-0.1607654021978378
3176000,-0.21703720197081566
3180000,-0.22204200203716756
3184000,-0.19904200203716754
3188000,-0.18884380179643628
3192000,-0.16584380179643632
3196000,-0.18748680144548416
3200000,-0.21048680144548418
3204000,-0.2163380017876625
3208000,-0.2077360014915466
3212000,-0.1961256016790867
3216000,-0.20267140144109727
3220000,-0.20267140144109724
3224000,-0.1832686013281345
3228000,-0.19318620058894154
3232000,-0.14446299973130222
3236000,-0.15283499956130978
3240000,-0.1945477996468544
3244000,-0.21916699963808062
3248000,-0.21097899949550628
3252000,-0.19862799948453905
3256000,-0.2060431995689869
3260000,-0.2290431995689869
3264000,-0.24597579899430275
3268000,-0.2148429991006851
3272000,-0.1829879993200302
3276000,-0.19408779940009116
3280000,-0.19849919936060903
3284000,-0.17549919936060907
3288000,-0.17549919936060904
3292000,-0.17549919936060904
3296000,-0.22244679895043373
3300000,-0.22244679895043373
3304000,-0.1747907986789942
3308000,-0.18537079818546767
3312000,-0.15333179940283298
3316000,-0.14722300086915494
3320000,-0.14722300086915494
3324000,-0.1250464004129171
3328000,-0.09826060016080734
3332000,-0.06148360068723559
3336000,-0.0048346006982028554
3340000,0.012010599303990595
3344000,0.04235679890587926
3348000,-0.0036432010941207338
3352000,-0.026822600703686472
3356000,-0.04982260070368647
3360000,-0.049822600703686465
3364000,-0.06102820051833986
3368000,-0.05578880059346556
3372000,-0.018970401104539635
3376000,-0.013151401307433846
3380000,0.0004047985412180588
3384000,0.0067113986453041586
3388000,-0.0170660014906898
3392000,-0.02406720073614269
3396000,-0.07426240046415476
3400000,-0.10497660081181674
3404000,-0.11899740098509938
3408000,-0.1499830018142238
3412000,-0.22040440179873258
3416000,-0.2566662014620379
3420000,-0.22643040167260914
3424000,-0.23012880190182472
3428000,-0.1542932027177885
3432000,-0.1772932027177885
3436000,-0.11410300201643259
3440000,-0.1189928018497303
3444000,-0.09349040233064443
3448000,-0.09679320066142828
3452000,-0.08790600033570081
3456000,-0.11987139992881563
3460000,-0.106692399546504
3464000,-0.08545879997313023
3468000,-0.10666020037233831
3472000,-0.1026259999424219
3476000,-0.09899659951031207
3480000,-0.058525799885392187
3484000,-0.0703385999109596
3488000,-0.0609821998681873
3492000,-0.0149821998681873
3496000,-0.03849739967845379
3500000,-0.11473319946788252
3504000,-0.15028659879229964
3508000,-0.14964259885810313
3512000,-0.1389751995857805
3516000,-0.11988980073295533
3520000,-0.15312480056844652
3524000,-0.1923122010882944
3528000,-0.23264040172658862
3532000,-0.23439760165475307
3536000,-0.18302940194867554
3540000,-0.1993778017666191
3544000,-0.19170960151217875
3548000,-0.20548660167120394
3552000,-0.18248660167120395
3556000,-0.11871680315397677
3560000,-0.10843580391071736
3564000,-0.08954820360802113
3568000,-0.07538940362632272
3572000,-0.055729003265500066
3576000,-0.057697803005576136
3580000,-0.05769780300557615
3584000,0.07429919750988483
3588000,0.08070699767768381
3592000,0.052863198623061186
3596000,0.029863198623061173
3600000,-0.0004967998415231634
3604000,0.005023200035095221
3608000,0.028754600077867506
3612000,0.07000740060210227
3616000,0.1237538008093834
3620000,0.12586060151457787
3624000,0.14168920144438743
3628000,0.11974260213971136
3632000,0.1360726030170917
3636000,0.16724220319092273
3640000,0.12907140411436557
3644000,0.08611200460419059
3648000,0.0861442044638097
3652000,0.1091442044638097
3656000,0.10914420446380971
3660000,0.11247920419648288
3664000,0.11247920419648288
3668000,0.08947920419648288
3672000,0.10884060429409147
3676000,0.08311740412190556
3680000,0.043534403759986164
3684000,0.043534403759986164
3688000,0.08001240331307054
3692000,0.04805160311236977
3696000,-0.029426198165863768
3700000,-0.03645039745792747
3704000,-0.06677359804138541
3708000,-0.06677359804138541
3712000,-0.06280379870161414
3716000,-0.08580379870161411
3720000,-0.15925659970566627
3724000,-0.15348819939419628
3728000,-0.20079919939488175
3732000,-0.21418979918211697
3736000,-0.21418979918211697
3740000,-0.260189799182117
3744000,-0.22216619934141632
3748000,-0.22216619934141632
3752000,-0.25713539905846117
3756000,-0.24326180000603195
3760000,-0.1897638005763292
3764000,-0.17610180099308492
3768000,-0.11157300196588038
3772000,-0.1263436018079519
3776000,-0.01945340165495872
3780000,-0.026891602128744117
3784000,-0.01933840382099151
3788000,0.05033319658041001
3792000,0.07333319658041
3796000,0.13337239706516266
3800000,0.07533419686555862
3804000,0.09833419686555861
3808000,0.16153819745779036
3812000,0.13853819745779034
3816000,0.11553819745779034
3820000,0.08964939790964126
3824000,0.14924699640274044
3828000,0.13653259640932083
3832000,0.09674259802699087
3836000,0.04275239917635918
3840000,-0.0028565996885299727
3844000,0.027310199618339536
3848000,-0.025704800546169276
3852000,-0.025833599641919145
3856000,-0.026229199483990665
3860000,-0.036675800159573536
3864000,-0.08511840038001535
3868000,-0.08805780044198035
3872000,-0.08205940034985541
3876000,-0.08205940034985541
3880000,-0.06138240060210226
3884000,0.031928598970174804
3888000,0.04259599927067758
3892000,0.07045819863677026
3896000,0.029094998985528947
3900000,0.023363399982452383
3904000,0.024596200287342062
3908000,0.015640000164508817
3912000,-0.05192020082473754
3916000,0.05863619918376206
3920000,0.06671379882842302
3924000,0.017682398922741416
3928000,0.04787219793349504
3932000,0.020768998049199582
3936000,-0.019398201920092107
3940000,-0.0033166018202900947
3944000,0.005377397976815698
3948000,-0.05452840264886618
3952000,0.010257998682558535
3956000,-0.006573401086032382
3960000,-0.03391580056399107
3964000,-0.021836200349032886
3968000,-0.021836200349032886
3972000,0.04751340077072382
3976000,0.08398220119625334
3980000,0.10187620113044975
3984000,0.07660380122065548
3988000,0.056239601284265535
3992000,0.13649580195546152
3996000,0.12883220246434213
4000000,0.10603460314869881
4004000,0.10603460314869881
4008000,0.1602364028394222
4012000,0.10390480342507363
4016000,0.14660200440883636
4020000,0.18895880442857738
4024000,0.1043418046534061
4028000,0.0731354035139084
4032000,0.09018760359287263
4036000,0.033189003169536616
4040000,-0.017972197145223596
4044000,-0.01774219736456871
4048000,-0.09642059805989263
4052000,-0.2018203980028629
4056000,-0.2018203980028629
4060000,-0.14589819797873496
4064000,-0.12884139816462992
4068000,-0.15550299845635887
4072000,-0.15217719767987725
4076000,-0.18058219800889494
4080000,-0.09291539733111857
4084000,-0.12197819697111843
4088000,-0.14497819697111844
4092000,-0.14497819697111844
4096000,-0.215726197771728
4100000,-0.21572619777172805
4104000,-0.2273411976620555
4108000,-0.310628798238933
4112000,-0.3038989981040358
4116000,-0.32689899810403583
4120000,-0.3436797977015375
4124000,-0.32067979770153754
4128000,-0.2803975978419184
4132000,-0.25236059825867413
4136000,-0.27491439824551345
4140000,-0.2934109980985522
4144000,-0.32688519821316
4148000,-0.30947419891506434
4152000,-0.3209833990707993
4156000,-0.2796983986869454
4160000,-0.3565597994700074
4164000,-0.4009865990579128
4168000,-0.3779865990579128
4172000,-0.35498659905791285
4176000,-0.32964979925751686
4180000,-0.302367199420929
4184000,-0.2869847995042801
4188000,-0.28635919988155367
4192000,-0.2761793989241123
4196000,-0.26266459891945126
4200000,-0.14956439886242148
4204000,-0.20870199916511772
4208000,-0.22314599896222354
4212000,-0.20906079906970262
4216000,-0.16539759887009858
4220000,-0.14063119912892583
4224000,-0.07359999955445526
4228000,-0.08957579923421141
4232000,-0.1419467994645238
4236000,-0.15441739944368596
4240000,-0.0544317999854684
4244000,-0.08637419987469913
4248000,-0.12343179998546837
4252000,-0.01737879995256664
4256000,0.005892599950544537
4260000,0.02889259995054454
4264000,0.06670919902902096
4268000,0.06670919902902096
4272000,0.05632699892949314
4276000,0.05834179893415421
4280000,0.11876739910524339
4284000,0.12191379890125244
4288000,0.12994079906027764
4292000,0.15254059914033857
4296000,0.060305998596362764
4300000,0.017364998969249416
4304000,0.023970598372630762
4308000,0.04697059837263076
4312000,0.06306139862816779
4316000,0.0501491993991658
4320000,0.04634499909263103
4324000,0.05085759870987384
4328000,0.06351219906192271
4332000,0.01669799898844212
4336000,0.02923759865760802
4340000,0.006237598657608032
4344000,-0.008183401949703704
4348000,0.02769199768453837
4352000,0.05979539875686167
4356000,0.06990159881114959
4360000,0.0929015988111496
4364000,0.07259259843826293
4368000,0.07303879845142364
4372000,0.11331179884076117
4376000,0.17704939886927604
4380000,0.14041959914565086
4384000,0.13725019827485085
4388000,0.1860883990228176
4392000,0.19902359898388386
4396000,0.16575179989635946
4400000,0.12286599983274937
4404000,0.12546499978750944
4408000,0.14846499978750946
4412000,0.1930298001691699
4416000,0.18767080061882735
4420000,0.09622280122339724
4424000,0.1105702014416456
4428000,0.0994520003646612
4432000,0.06038880023360254
4436000,0.0834532002955675
4440000,0.08222960014641285
4444000,0.10049160014092923
4448000,0.12122840021550654
4452000,0.17373280030488966
4456000,0.17568780015408994
4460000,0.10165079988539219
4464000,0.11172480042278768
4468000,0.06932660038769245
4472000,0.028561400063335886
4476000,0.0741381997540593
4480000,0.0790049995407462
4484000,0.10949839820712803
4488000,0.08736779733002184
4492000,0.14165239705145352
4496000,0.20930919624865058
4500000,0.20628699615597726
4504000,0.2305933963358402
4508000,0.23181699648499493
4512000,0.1754117965102196
4516000,0.1051237959563732
4520000,0.10077219495177267
4524000,0.0211553948223591
4528000,0.024757194787263882
4532000,0.05017219427274539
4536000,0.06911959387408569
4540000,0.08331979502784087
4544000,0.10715699549065905
4548000,0.04477179642068224
4552000,0.09115819644974543
4556000,0.17954259659396482
4560000,0.1335425965939648
4564000,0.11670199735509229
4568000,0.10424979768740013
4572000,0.07676479785190896
4576000,0.04746279810415581
4580000,0.024462798104155813
4584000,0.00154099839972333
4588000,-0.0441140019292943
4592000,-0.06289580112649125
4596000,-0.10532159940106796
4600000,-0.06127199924737214
4604000,-0.04498339975625277
4608000,0.022429599769413465
4612000,0.0014535997584462113
4616000,-0.07613000022619965
4620000,-0.024287999354302897
4624000,-0.047720399819314495
4628000,-0.07858179786056281
4632000,-0.09609399775788187
4636000,-0.013510198812931789
4640000,0.0004462007842957813
4644000,0.04281220061704517
4648000,0.06667700154706836
4652000,0.15078800235316162
4656000,0.1614600029885769
4660000,0.20540380313992496
4664000,0.15047060117870562
4668000,0.18883920017629863
4672000,0.17255060068517925
4676000,0.20821439982205633
4680000,0.30242240018397565
4684000,0.3382011992111802
4688000,0.3266367994919419
4692000,0.3008261978402734
4696000,0.34554279736429455
4700000,0.32683459692820904
4704000,0.24306859784945847
4708000,0.22351399842277167
4712000,0.1915347982533276
4716000,0.15222319768741724
4720000,0.18511319828033443
4724000,0.19268479724228377
4728000,0.12598479779064653
4732000,0.22359219743311406
4736000,0.18615739847719667
4740000,0.1337035994157195
4744000,0.1420341992303729
4748000,0.1715293995067477
4752000,0.10796659969538451
4756000,0.11752539973706007
4760000,0.18188859938830135
4764000,0.20446540182083844
4768000,0.17233900155872106
4772000,0.29877460149675605
4776000,0.31352220094949
4780000,0.3260296012088656
4784000,0.2822054003402591
4788000,0.33016499992460013
4792000,0.2863316009566188
4796000,0.2967414023801684
4800000,0.40268859993666406
4804000,0.4663894008845091
4808000,0.4636754001826047
4812000,0.5969926031678915
4816000,0.5964728032797575
4820000,0.5279788022488355
4824000,0.44302140150964264
4828000,0.4187011997252702
4832000,0.3872786004096269
4836000,0.38582500159367916
4840000,0.4319216011725366
4844000,0.3917084011100232
4848000,0.3529304013513028
4852000,0.3470470008067786
4856000,0.3319820007793606
4860000,0.31423060073144726
4864000,0.28772540377266703
4868000,0.28680540259368714
4872000,0.26616520346887407
4876000,0.25482620276696977
4880000,0.19857740304060276
4884000,0.18451060123182836
4888000,0.2539614013228565
4892000,0.2506356022600084
4896000,0.23307280244864523
4900000,0.23266800245083863
4904000,0.25281140301935373
4908000,0.28609700234048063
4912000,0.36134380252473053
4916000,0.3255880032014101
4920000,0.31881220365874463
4924000,0.304175003118813
4928000,0.3089820015504956
4932000,0.283967200346291
4936000,0.23466899935156108
4940000,0.23995439902693036
4944000,0.2146359986811876
4948000,0.15754539875686166
4952000,0.15283499921858312
4956000,0.12473359991610047
4960000,0.1905089994817972
4964000,0.20699079950153826
4968000,0.2663123988062143
4972000,0.27094920052587984
4976000,0.24700160025060172
4980000,0.28843380038440225
4984000,0.2779964002072811
4988000,0.26320740005373955
4992000,0.2657006011307239
4996000,0.22143020161986354
5000000,0.2254552017226815
5004000,0.22781500328332183
5008000,0.20351320249587293
5012000,0.16989180228859183
5016000,0.18941880244761705
5020000,0.18531560290604826
5024000,0.20304860251396892
5028000,0.24773300294950606
5032000,0.2599598037069663
5036000,0.19369680411275475
5040000,0.18591360328253362
5044000,0.1996998042827472
5048000,0.11734600374754517
5052000,0.11107620317395775
5056000,0.08681580343004316
5060000,0.14829480429645628
5064000,0.16690640403982251
5068000,0.2058914052462205
5072000,0.2278380060931668
5076000,0.2120278051039204
5080000,0.24873580375220622
5084000,0.21146660280134527
5088000,0.2263154025962576
5092000,0.18961660239007322
5096000,0.1606366018382832
5100000,0.18505800111591814
5104000,0.2666252010166645
5108000,0.23140300112962722
5112000,0.2353221996128559
5116000,0.21945679974555965
5120000,0.27356660096347335
5124000,0.24817460022866725
5128000,0.20200439940392967
5132000,0.27545719937980173
5136000,0.26814779971539976
5140000,0.22575420010089875
5144000,0.20773140072822568
5148000,0.26275660201907153
5152000,0.21419440183043473
5156000,0.25724580238386985
5160000,0.2449500031359494
5164000,0.14306000331416727
5168000,0.1715524030663073
5172000,0.08654900291934607
5176000,0.10340800384059548
5180000,0.0984998030103743
5184000,0.10016500240936875
5188000,0.20412960127741098
5192000,0.18349860093742607
5196000,0.1153036001697183
5200000,0.08804399900883436
5204000,0.05741719894111155
5208000,0.07650719821453096
5212000,0.1417949987798929
5216000,0.18499819941818715
5220000,0.25200180075317624
5224000,0.2301518005989492
5228000,0.24150920041278
5232000,0.26731980026513336
5236000,0.3235456013157964
5240000,0.38611940253945065
5244000,0.3669742026743479
5248000,0.35579160256357867
5252000,0.44170580073492594
5256000,0.44873460250394426
5260000,0.40711840336816385
5264000,0.4075830036927946
5268000,0.4239544032146223
5272000,0.4413286032606847
5276000,0.38515340238111084
5280000,0.39337820040481164
5284000,0.34396499934839087
5288000,0.37710799899743874
5292000,0.335776999634225
5296000,0.3362553977933713
5300000,0.33124139826744803
5304000,0.32873899634927517
5308000,0.3517389963492751
5312000,0.3464397964403033
5316000,0.3115763978287578
5320000,0.2897033990845085
5324000,0.25744359827786684
5328000,0.3403861988410354
5332000,0.3541907992959022
5336000,0.341140600129962
5340000,0.3584365995377302
5344000,0.31603840018808843
5348000,0.30916600106656555
5352000,0.3041520013585687
5356000,0.3298154018893838
5360000,0.2996164013519883
5364000,0.31185700086504226
5368000,0.29896780236810444
5372000,0.3685152027234435
5376000,0.3979506023302674
5380000,0.42187980229407546
5384000,0.4338674002662301
5388000,0.4360615993663668
5392000,0.37760940004140137
5396000,0.2991609999835491
5400000,0.28025499971210954
5404000,0.2539291992783546
5408000,0.26405379861593237
5412000,0.21103879982233043
5416000,0.17340620008856053
5420000,0.22674319953471422
5424000,0.22278259897977112
5428000,0.15130319933593273
5432000,0.16262379972636698
5436000,0.1969260004907846
5440000,0.16590820014476773
5444000,0.12356059890985487
5448000,0.06149740014970303
5452000,0.061497400149703035
5456000,0.059910400703549395
5460000,0.07762500308454039
5464000,0.06258760352432728
5468000,0.12622860277444123
5472000,0.206549201965332
5476000,0.19251920163631436
5480000,0.19648900029063227
5484000,0.1734890002906322
5488000,0.15431160039454692
5492000,0.10831160039454697
5496000,0.08519200042635204
5500000,0.09857340005785226
5504000,0.10938799942284824
5508000,0.11356939857453106
5512000,0.16308379843086002
5516000,0.20622259900718926
5520000,0.3020083993449807
5524000,0.35355599797517057
5528000,0.30772159632295365
5532000,0.31973679613322015
5536000,0.358017995879054
5540000,0.3630227969735861
5544000,0.36358399687707427
5548000,0.34346359901130197
5552000,0.3939301985353232
5556000,0.4341065990030766
5560000,0.45530339898169037
5564000,0.36621519960463045
5568000,0.41553640030324457
5572000,0.4133697999566792
5576000,0.39154740104079244
5580000,0.2903336006700993
5584000,0.31431340114772316
5588000,0.22580019985139368
5592000,0.2061582001447677
5596000,0.20921720154583448
5600000,0.26772460146248334
5604000,0.2363894015699625
5608000,0.19762980212271214
5612000,0.1383220023661852
5616000,0.05387060230970382
5620000,0.14414560121297837
5624000,0.20854100003838535
5628000,0.23729099866747852
5632000,0.37766919951140876
5636000,0.4006691995114087
5640000,0.43369259919226166
5644000,0.4248283985704183
5648000,0.42072979842126357
5652000,0.44649439723789686
5656000,0.48871779842674734
5660000,0.49634919857233756
5664000,0.5136957981511949
5668000,0.5446077984198928
5672000,0.6229641991481185
5676000,0.6737711999788881
5680000,0.7056078008189798
5684000,0.6959708021953701
5688000,0.7259950030297041
5692000,0.6799766013473271
5696000,0.7237134014219044
5700000,0.7759786032885313
5704000,0.8524352027028798
5708000,0.846326401770115
5712000,0.8292374014109372
5716000,0.8199914037510753
5720000,0.7631216037943959
5724000,0.7229958024695516
5728000,0.6610568020418286
5732000,0.7316116023138164
5736000,0.7039518014043569
5740000,0.6313592014238237
5744000,0.6251078011617064
5748000,0.5347040021773428
5752000,0.5537940031643956
5756000,0.421755603319034
5760000,0.3968972023632377
5764000,0.36165660147927703
5768000,0.3443698022272437
5772000,0.40818100110255173
5776000,0.33840360028110444
5780000,0.3303904006984085
5784000,0.33911200027726596
5788000,0.3824762015845626
5792000,0.364504002040252
5796000,0.3348294007834046
5800000,0.30539400083385404
5804000,0.27416460033319884
5808000,0.24850580125115804
5812000,0.27283520044945175
5816000,0.32852280040085313
5820000,0.32234959872066965
5824000,0.3403953984826802
5828000,0.3741547989696264
5832000,0.4517843987047672
5836000,0.4591213988363742
5840000,0.42739520055055613
5844000,0.5055170007348061
5848000,0.49392960131168356
5852000,0.47834480071067803
5856000,0.3676550003290177
5860000,0.379449400857091
5864000,0.3645224011093378
5868000,0.4017732010632753
5872000,0.42215580191090696
5876000,0.43061520013585686
5880000,0.4282968015037477
5884000,0.4609246020279825
5888000,0.4244696025215089
5892000,0.4778296030424534
5896000,0.46647680279240006
5900000,0.4685330033265053
5904000,0.38487280192598705
5908000,0.3784696020074189
5912000,0.5337794016487896
5916000,0.5421376019306481
5920000,0.6690424012430012
5924000,0.667464598610997
5928000,0.6880036008208991
5932000,0.7090532008782027
5936000,0.7257972019091248
5940000,0.7557616012170911
5944000,0.748926000662148
5948000,0.7693316019847988
5952000,0.734054200477898
5956000,0.797120200790465
5960000,0.8586222013607622
5964000,0.8657200006991623
5968000,0.7654905991703272
5972000,0.8900953965634107
5976000,0.8263485977500677
5980000,0.7894382001310586
5984000,0.8005748008340596
5988000,0.7794561987519263
5992000,0.7046187979578972
5996000,0.7218595971167087
6000000,0.6447727983444929
6004000,0.640890398427844
6008000,0.5846599979847669
6012000,0.6346987998634578
6016000,0.5844897992163897
6020000,0.5938783990330991
6024000,0.5713706018812954
6028000,0.6332130027301609
6032000,0.5872544041164218
6036000,0.6624230050332843
6040000,0.647197005022317
6044000,0.5813388037122786
6048000,0.5701240037418901
6052000,0.6268420035280288
6056000,0.5976274028606713
6060000,0.6748200020529329
6064000,0.6339582006074488
6068000,0.6168462014012037
6072000,0.5193170003406703
6076000,0.46507839934155343
6080000,0.5023797992095351
6084000,0.5401687979921698
6088000,0.55410219874233
6092000,0.5360977996811271
6096000,0.5097627980634569
6100000,0.5430115991607309
6104000,0.5457900002673268
6108000,0.602526399679482
6112000,0.5664715997502207
6116000,0.5274176008030771
6120000,0.5569588011726737
6124000,0.6054796015173197
6128000,0.6342342026233673
6132000,0.6307750040441751
6136000,0.6052956032007931
6140000,0.5348788014091551
6144000,0.5283882000111043
6148000,0.4850838004015386
6152000,0.4180066007338465
6156000,0.47127920114621524
6160000,0.5061472005210816
6164000,0.5182728008292615
6168000,0.4481917994953692
6172000,0.4230021994449198
6176000,0.5122467987276613
6180000,0.5036723985560237
6184000,0.5307065962441265
6188000,0.5536881973035633
6192000,0.4832253985889256
6196000,0.5613149986565112
6200000,0.5393545989468693
6204000,0.5777737981155514
6208000,0.5371373984292149
6212000,0.5678331983797252
6216000,0.5475931984893978
6220000,0.6634901968799533
6224000,0.6957407965026796
6228000,0.6396299980841578
6232000,0.7473251984976232
6236000,0.6565349990986288
6240000,0.7165373989604414
6244000,0.7577119981609285
6248000,0.7835501968525351
6252000,0.8061729973219333
6256000,0.7980079976543785
6260000,0.7765305980667473
6264000,0.7469617982581258
6268000,0.7465569980889559
6272000,0.6941538014262915
6276000,0.6452374020963907
6280000,0.6671196003109217
6284000,0.6829619987607002
6288000,0.731767996907234
6292000,0.7425043970048428
6296000,0.7208429970443249
6300000,0.7073235978186129
6304000,0.7142373990118505
6308000,0.7356641997992993
6312000,0.786254997998476
6316000,0.7881777979880572
6320000,0.8199039976447822
6324000,0.7544137967377901
6328000,0.8405349966138601
6332000,0.8514737967103718
6336000,0.7273933972269296
6340000,0.7795850002467631
6344000,0.7884124023877084
6348000,0.7851142027638853
6352000,0.8420392022840676
6356000,0.7815124031417071
6360000,0.733009999167174
6364000,0.7823173996321857
6368000,0.8243844009153544
6372000,0.892358600001782
6376000,0.8554344007782637
6380000,0.7101986016742886
6384000,0.8543902022950349
6388000,0.809972603034228
6392000,0.7528129997998476
6396000,0.7514789985530076
6400000,0.6963525993190706
6404000,0.7963014002107083
6408000,0.7606836011670528
6412000,0.7651916010491548
6416000,0.6779939994029701
6420000,0.697764801632613
6424000,0.7544367999546229
6428000,0.8416390003077684
6432000,0.8524305985979734
6436000,0.8654301986210047
6440000,0.8373425974957646
6444000,0.8418505977205933
6448000,0.7805003968924283
6452000,0.7177333975285292
6456000,0.755434996202588
6460000,0.6837209961861371
6464000,0.675040795251727
6468000,0.6751695936620236
6472000,0.6338615935742855
6476000,0.5120029922872782
6480000,0.44171959455311305
6484000,0.41138259373605246
6488000,0.3620153953433036
6492000,0.3823289951086044
6496000,0.2983973964825272
6500000,0.34706539623439314
6504000,0.31258839730918414
6508000,0.31956199745833874
6512000,0.27999739740788937
6516000,0.2171935960501432
6520000,0.3127677969187498
6524000,0.3696789992898703
6528000,0.3669603991955519
6532000,0.4408777984678745
6536000,0.49317979821562763
6540000,0.40276219826936727
6544000,0.41204499740898604
6548000,0.38114219712465996
6552000,0.49380079741775984
6556000,0.4338029974624515
6560000,0.5112531972452997
6564000,0.5298969985190779
6568000,0.6050609986726194
6572000,0.6285486007574946
6576000,0.6110640002135187
6580000,0.5979310006741434
6584000,0.6213266005162148
6588000,0.5973146018926053
6592000,0.6494372020307928
6596000,0.7927732032481581
6600000,0.814614002989605
6604000,0.8806148026008158
6608000,0.8653152023721487
6612000,0.8246098035741596
6616000,0.9335194002538918
6620000,0.8829102010577917
6624000,0.850806799814105
6628000,0.8230412013977765
6632000,0.8427154019922017
6636000,0.9751953990310429
6640000,0.9717684016823768
6644000,0.9644590013325214
6648000,0.9239100003838538
6652000,0.8878781994730234
6656000,0.7829062006026506
6660000,0.8069780029803514
6664000,0.7938726039081812
6668000,0.7290356044620274
6672000,0.8363536039739847
6676000,0.838635203525424
6680000,0.8088180046528578
6684000,0.7274578065425158
6688000,0.8366434044241905
6692000,0.8820822017788886
6696000,0.9961162025630473
6700000,1.047650003015995
6704000,0.9905088008642194
6708000,1.0103808000087737
6712000,0.9972155999243258
6716000,0.9765570015322882
6720000,0.9906513995241839
6724000,1.0687732000511607
6728000,0.9864285989862401
6732000,0.9479772013288458
6736000,0.811867801116081
6740000,0.8471268002551515
6744000,0.8352725983720738
6748000,0.9343611977261026
6752000,1.0026067989915608
6756000,0.9763178002089263
6760000,1.0456029978394508
6764000,1.151287995070219
6768000,1.2017131938934325
6772000,1.1437991951107975
6776000,1.1216547977700828
6780000,1.0629587980881332
6784000,1.01463579852134
6788000,1.0334221984818577
6792000,0.9895243970528242
6796000,1.0105969959571954
6800000,0.9853429961875081
6804000,0.9183117979839444
6808000,0.7976721971109508
6812000,0.8397621980980037
6816000,0.8465931968614457
6820000,0.994179596170783
6824000,1.0124461962431668
6828000,1.0206755964010952
6832000,1.0267889980971814
6836000,1.0518405999243259
6840000,0.9812351994812488
6844000,1.1018241998404266
6848000,1.1801714004129171
6852000,1.1510625991374253
6856000,1.1627235980927944
6860000,1.0989353978931902
6864000,1.1076983968019485
6868000,1.1079513968005776
6872000,1.1103893996849654
6876000,1.1120040013119579
6880000,1.1242722012922168
6884000,1.1209096022918819
6888000,1.1651478019431232
6892000,1.1851256028786301
6896000,1.1927570011392237
6900000,1.2685604020059107
6904000,1.3148778018951415
6908000,1.3469811983406543
6912000,1.3499619987607003
6916000,1.3496261971890922
6920000,1.337932996660471
6924000,1.2347227960824965
6928000,1.2772589970827104
6932000,1.1990359979271887
6936000,1.2493369987607001
6940000,1.1976743995547297
6944000,1.1456805970128625
6948000,1.1000025962945073
6952000,1.0752867960389703
6956000,0.8971425962876526
6960000,0.890279394922778
6964000,0.8421955966632813
6968000,0.8570305982809514
6972000,0.9008317987602203
6976000,0.925860396085307
6980000,0.8837657998185605
6984000,0.8970644009187816
6988000,1.013499601908028
6992000,1.0372954017557203
6996000,1.0983190024532379
7000000,1.0768600028343498
7004000,1.032709201235324
7008000,1.1174412004081533
7012000,1.1220136010376736
7016000,1.1325476004509256
7020000,1.1398891987754034
7024000,1.241217997151427
7028000,1.3108022008715197
7032000,1.3187325994810086
7036000,1.3004108005305752
7040000,1.3266860011359676
7044000,1.3032260020673272
7048000,1.2463654019236565
7052000,1.3241790025457738
7056000,1.2926276041343805
7060000,1.2174176059439779
7064000,1.2081026050597425
7068000,1.260418405726552
7072000,1.1459796049445867
7076000,1.233729204967618
7080000,1.1615874052494766
7084000,1.0850250061005355
7088000,1.1258684058636426
7092000,1.1290884048491714
7096000,1.194509603217244
7100000,1.1063782029002904
7104000,1.0524754038155075
7108000,0.9392280026376248
7112000,1.019797003120184
7116000,1.0293696008250117
7120000,1.0605944015905262
7124000,1.0794314010366797
7128000,1.0214806024879217
7132000,0.9693027997016905
7136000,0.9714326004534959
7140000,0.9527013986855744
7144000,0.8895066003054382
7148000,0.9871600031256675
7152000,1.083194204583764
7156000,1.000288405179046
7160000,0.979565405166708
7164000,0.9482808047598228
7168000,0.9626696043079717
7172000,1.025238804950379
7176000,0.9800116053512318
7180000,0.9987336052497849
7184000,1.0203904050467534
7188000,1.0198016026197
7192000,0.9830016003577038
7196000,0.9819619983322917
7200000,0.9295265990681945
7204000,0.9162095977850256
7208000,0.9183071990199384
7212000,0.8670447990484536
7216000,0.8379957998134195
7220000,0.7476518015414476
7224000,0.710046800389886
7228000,0.6139666005522012
7232000,0.5576764011532067
7236000,0.5607492010742425
7240000,0.48317020185291765
7244000,0.45097480316460137
7248000,0.5123250025361777
7252000,0.5816838038116693
7256000,0.6972358018457889
7260000,0.7304708009958266
7264000,0.7930262005478143
7268000,0.9375076012760402
7272000,1.0258873986005783
7276000,1.079320997968316
7280000,1.1610077954381703
7284000,1.2009725947231054
7288000,1.1974719974994656
7292000,1.1427503996342419
7296000,1.1479759989827871
7300000,1.1334491974413397
7304000,1.1021277964115141
7308000,1.0396781962513924
7312000,1.0022801951766014
7316000,0.8760147977769376
7320000,0.8467633961439133
7324000,0.742416996746324
7328000,0.8297801939984784
7332000,0.781406592889689
7336000,0.7518193931123242
7340000,0.8120885950913653
7344000,0.8735537957241759
7348000,0.9078881980618462
7352000,0.8989181987335906
7356000,0.9409713990977034
7360000,1.0617628003768622
7364000,1.1382378010451795
7368000,1.1102330011501906
7372000,1.1211488012857733
7376000,1.1836674019284545
7380000,1.1742144023068246
7384000,1.1801208008415995
7388000,1.2062856036908922
7392000,1.2315764033980665
7396000,1.1891552043445408
7400000,1.1620106025598944
7404000,1.1621302014142274
7408000,0.9777300008088352
7412000,1.0385696004480125
7416000,1.0416700002900325
7420000,0.996314000224229
7424000,0.9414957996956075
7428000,0.8908635980538093
7432000,0.9204047984234056
7436000,0.8543993971920573
7440000,0.9476459973878226
7444000,0.9173273975676858
7448000,0.9451159991151654
7452000,1.1179702009982428
7456000,1.145174602456391
7460000,1.2716470019891855
7464000,1.3200298032537103
7468000,1.317900001987815
7472000,1.290281603321433
7476000,1.343315005853772
7480000,1.255192806378007
7484000,1.258468002870679
7488000,1.1892472011893986
7492000,1.2791081989109516
7496000,1.2873697979003191
7500000,1.230297596231103
7504000,1.2452889956980944
7508000,1.2242669962793586
7512000,1.1897117953449485
7516000,1.1323589933170006
7520000,1.2026607920480892
7524000,1.2094687931640073
7528000,1.1371797936959191
7532000,1.1505565932495516
7536000,1.1668313935352486
7540000,1.187577395136468
7544000,1.1907973934365434
7548000,1.1832119932128113
7552000,1.2508549913838503
7556000,1.194353193886578
7560000,1.2590797942057252
7564000,1.2400127950645983
7568000,1.211782594952732
7572000,1.1365173971988258
7576000,1.0976197961010037
7580000,1.1019115974642337
7584000,1.1538593992702662
7588000,1.125578601043671
7592000,1.1989945979975163
7596000,1.2982073986828326
7600000,1.3388759989142414
7604000,1.4620363999605177
7608000,1.3728147996962068
7612000,1.3233923969417807
7616000,1.3494237975329155
7620000,1.3724697989970442
7624000,1.3305499988347291
7628000,1.2754143988452848
7632000,1.2184664006493986
7636000,1.2000250017307699
7640000,1.1928213997446
7644000,1.1245344001613558
7648000,1.2309738026224075
7652000,1.2374506019018592
7656000,1.2354726009778676
7660000,1.2214241989664734
7664000,1.3310099987387658
7668000,1.2632703988254068
7672000,1.2486469970196483
7676000,1.2539829975515604
7680000,1.293602797165513
7684000,1.4207973982989788
7688000,1.338176799073815
7692000,1.2865417989641426
7696000,1.2979175975471733
7700000,1.382254001483321
7704000,1.3838869999195447
7708000,1.3191098001147616
7712000,1.3237788016940464
7716000,1.2630956026460043
7720000,1.17033659973694
7724000,1.194348599046003
7728000,1.1822321995790113
7732000,1.189127599089872
7736000,1.1708471987838858
7740000,1.088902796610724
7744000,1.0868327972139233
7748000,1.0049987990409135
7752000,1.0443471981734036
7756000,1.0348389948755503
7760000,1.1163003977835178
7764000,1.1172341975681483
7768000,1.15465519766137
7772000,1.1360803978554903
7776000,1.105646796774119
7780000,1.2327815951816739
7784000,1.3369485934488474
7788000,1.2529295930005606
7792000,1.2734685934968293
7796000,1.2893983982242643
7800000,1.265257597763091
7804000,1.178446399487555
7808000,1.2034060004428029
7812000,1.283956600613892
7816000,1.2417424019798635
7820000,1.173722204171121
7824000,1.2709570045322176
7828000,1.2695770041346548
7832000,1.1670154021978378
7836000,1.204151202261448
7840000,1.3039252012223006
7844000,1.2948586019724606
7848000,1.2005218050852418
7852000,1.2230204027667642
7856000,1.314762801833451
7860000,1.2865188021734355
7864000,1.2233746025934815
7868000,1.288561199732125
7872000,1.2879862002804874
7876000,1.2331633983030914
7880000,1.321782397491857
7884000,1.2561403974425047
7888000,1.2436789972763507
7892000,1.2195519973915068
7896000,1.2475061983149498
7900000,1.3414933969955893
7904000,1.321869798628613
7908000,1.265984396485612
7912000,1.3173801991436633
7916000,1.2794210012070832
7920000,1.2693377996571362
7924000,1.19846099941805
7928000,1.204993000317365
7932000,1.1444754006452857
7936000,1.0488368007428943
7940000,1.0515048020370306
7944000,1.0501800029166042
7948000,1.163970203258097
7952000,1.1915426032878456
7956000,1.2083464046455918
7960000,1.1613666038252413
7964000,1.139617803070694
7968000,1.1848220033086836
7972000,1.1385092029832302
7976000,1.1744628032557667
7980000,1.0481698033325373
7984000,1.0966860047988591
7988000,1.0991286002211273
7992000,1.0392641999535264
7996000,1.0570478000752628
8000000,1.0442459986023604
8004000,1.0575675999633967
8008000,1.0411271992735565
8012000,1.1939438000656664
8016000,1.2831285990215837
8020000,1.3172835990078746
8024000,1.3381951992996037
8028000,1.3192799999862908
8032000,1.5483967987447977
8036000,1.5550116003602739
8040000,1.4686143999248744
8044000,1.4664615991264582
8048000,1.3825299994722005
8052000,1.34102419809252
8056000,1.2981843991503117
8060000,1.312412200771272
8064000,1.3186636006906627
8068000,1.3161704016700386
8072000,1.2280619996860622
8076000,1.272267998535186
8080000,1.268146398682147
8084000,1.3068599978648123
8088000,1.3123754004053767
8092000,1.3028994007371366
8096000,1.196920000579208
8100000,1.1474791993126272
8104000,1.1393325988426803
8108000,1.1937781999185682
8112000,1.2399161989130079
8116000,1.2716009999252855
8120000,1.3589089979566635
8124000,1.4040901966914534
8128000,1.3842457986995576
8132000,1.3770697992369532
8136000,1.3797883993312712
8140000,1.4166574008762836
8144000,1.382001000970602
8148000,1.3114876007139682
8152000,1.283961200863123
8156000,1.3112944005280733
8160000,1.2397092033773662
8164000,1.1647798030823469
8168000,1.1383206027895212
8172000,1.1302476021945478
8176000,1.1173261992111803
8180000,1.0878632015362382
8184000,1.1163555999174712
8188000,1.3591067998483775
8192000,1.3803680012598634
8196000,1.3681089986935258
8200000,1.374548999749124
8204000,1.485772398710251
8208000,1.5604257991313935
8212000,1.5367772032320495
8216000,1.5357835997790092
8220000,1.5166061986833808
8224000,1.605303398039192
8228000,1.585495797242969
8232000,1.5373200008533894
8236000,1.539776399251073
8240000,1.4143067981861528
8244000,1.415806400608271
8248000,1.3598336004130542
8252000,1.3881742005944249
8256000,1.4159536016434433
8260000,1.3907593994587657
8264000,1.326745798870921
8268000,1.3841169994324443
8272000,1.4222693995684383
8276000,1.3676397994905707
8280000,1.3370544006377458
8284000,1.318364600598812
8288000,1.2603908011466263
8292000,1.2740114034563301
8296000,1.3021818039268251
8300000,1.2874756051748992
8304000,1.2959672036021945
8308000,1.2218244035989045
8312000,1.3008892062082884
8316000,1.271095002926886
8320000,1.3134196017161008
8324000,1.3271690003797412
8328000,1.403551999233663
8332000,1.4331760003194212
8336000,1.4925435978323223
8340000,1.6135603989213703
8344000,1.5906892024725678
8348000,1.6213620048612356
8352000,1.5672982037365433
8356000,1.5707436048239465
8360000,1.5252082044631243
8364000,1.472478405870497
8368000,1.4054288066700102
8372000,1.437021603897214
8376000,1.3869367984980343
8380000,1.4681957986652854
8384000,1.3839329966604708
8388000,1.414913993984461
8392000,1.5295321928337213
8396000,1.4911083930730817
8400000,1.5205667979102577
8404000,1.5590457946639507
8408000,1.4823683984950184
8412000,1.41720939771086
8416000,1.4654725975077598
8420000,1.498104999480769
8424000,1.3898072015047072
8428000,1.2973518013358114
8432000,1.2443828022927044
8436000,1.275184402234852
8440000,1.3477356032710524
8444000,1.3889378046523777
8448000,1.3169524015411733
8452000,1.2552572018131614
8456000,1.4106451959237452
8460000,1.4782835982367397
8464000,1.383771997705102
8468000,1.4095503981262445
8472000,1.3854003951102498
8476000,1.354437797412276
8480000,1.4296340001672505
8484000,1.4292522019296883
8488000,1.5918943983688951
8492000,1.5888722013607621
8496000,1.5616264038607477
8500000,1.6244118028506636
8504000,1.6560506023988126
8508000,1.5249322001338002
8512000,1.557711796373129
8516000,1.5468833974599838
8520000,1.5131975970193745
8524000,1.5674868002459406
8528000,1.5807578014358876
8532000,1.6947182044014335
8536000,1.7194570045322175
8540000,1.7827806030362843
8544000,1.7911848020404575
8548000,1.7233440017849204
8552000,1.662380201414227
8556000,1.6322179994434114
8560000,1.6558021973371504
8564000,1.5689771971143782
8568000,1.598858799818903
8572000,1.5557751970924436
8576000,1.5650625959672033
8580000,1.5585535968281325
8584000,1.5018907986618577
8588000,1.544174000948667
8592000,1.5814339996874336
8596000,1.5719212031662462
8600000,1.6063016025125978
8604000,1.603573801577091
8608000,1.4800453990995883
8612000,1.4806157957315447
8616000,1.5149041962623597
8620000,1.479047195911407
8624000,1.4171311951875685
8628000,1.473623796984553
8632000,1.5050923977643245
8636000,1.4716687995344395
8640000,1.435503601506352
8644000,1.3906398022323845
8648000,1.3745536034256216
8652000,1.360762804746628
8656000,1.3128262045234442
8660000,1.3975628028959037
8664000,1.4661717997044323
8668000,1.5081099988073108
8672000,1.5844009991884227
8676000,1.689892799317837
8680000,1.6924734005033966
8684000,1.605929001688957
8688000,1.713329800546169
8692000,1.567827197611332
8696000,1.5524080025553704
8700000,1.5350292031168937
8704000,1.6312382017076013
8708000,1.6661200040578843
8712000,1.7273000012338158
8716000,1.6452911989986896
8720000,1.6498773971199983
8724000,1.615731595404446
8728000,1.4913797926977275
8732000,1.4512907919958231
8736000,1.4955105971619487
8740000,1.616725193373859
8744000,1.6465377985090017
8748000,1.7190705979913472
8752000,1.7375625952817497
8756000,1.6857251968868077
8760000,1.6918017989881338
8764000,1.6843175991065797
8768000,1.7864698013961313
8772000,1.8193230023086067
8776000,1.7769340034574268
8780000,1.8185732029825448
8784000,1.7682492010742428
8788000,1.702542799249291
8792000,1.7153491973727941
8796000,1.7009879958927632
8800000,1.6692525947093964
8804000,1.6750853919982907
8808000,1.62179899546504
8812000,1.7115863977670664
8816000,1.6627850010693073
8820000,1.6710788023173806
8824000,1.6705544030368327
8828000,1.7680192016363139
8832000,1.8094192000254992
8836000,1.8583540001809595
8840000,1.8513205997049809
8844000,1.8422263986170293
8848000,1.7433815985918042
8852000,1.6904493984580038
8856000,1.6328298009745774
8860000,1.72211580164358
8864000,1.6562116036675871
8868000,1.60711580164358
8872000,1.707519999619573
8876000,1.7076441937536004
8880000,1.7364401948750021
8884000,1.7066091961115597
8888000,1.629232596889138
8892000,1.6762675976157186
8896000,1.6089465993046759
8900000,1.7246227922439572
8904000,1.8900709948837757
8908000,1.8167607918381692
8912000,1.730050792276859
8916000,1.7322587946951387
8920000,1.6349273997247216
8924000,1.6215091994702815
8928000,1.6939775999188422
8932000,1.8173219972252843
8936000,1.820353397130966
8940000,1.8264851953685286
8944000,1.8064337962716817
8948000,1.7335835965573785
8952000,1.7080305978953834
8956000,1.725690000027418
8960000,1.7016136003136635
8964000,1.6777395978569984
8968000,1.7418682010769846
8972000,1.7966864002346987
8976000,1.8095203981399535
8980000,1.9067275992333885
8984000,1.91843460342288
8988000,1.800568802207708
8992000,1.7146730054616928
8996000,1.6537782042026514
9000000,1.7402536045908925
9004000,1.8143734069466588
9008000,1.716214009784162
9012000,1.6523016067966816
9016000,1.5916920076236127
9020000,1.596954406224191
9024000,1.637296402812004
9028000,1.9126570022702214
9032000,1.8680324001908297
9036000,1.812570198357105
9040000,1.8199209959805012
9044000,1.7978869945108888
9048000,1.769537193059921
9052000,1.7577565972208975
9056000,1.7893815937936304
9060000,1.7666943908631803
9064000,1.7668507968522604
9068000,1.9032039950229225
9072000,1.826618596255779
9076000,1.8974769920706747
9080000,1.875764995366335
9084000,1.8948319945931436
9088000,1.8933646033406257
9092000,1.80940540099144
9096000,1.842272402822971
9100000,1.787882001310587
9104000,1.850685801297426
9108000,1.7923440014421939
9112000,1.7650246071517466
9116000,1.7077408080697056
9120000,1.6328758061230182
9124000,1.6574398058652875
9128000,1.7592286050021648
9132000,1.8191436020135878
9136000,1.795297202080488
9140000,1.7408194006308912
